-- ============================================================
-- KNOCK Hospital Demo Accounts
-- 데모 시연용 샘플 데이터 (Supabase SQL Editor에서 실행)
-- ============================================================
--
-- 실행 전 준비:
--   1. Supabase Auth > Users에서 아래 3명을 먼저 생성
--      - admin@knock.com    / admin     (관리자 계정, user_metadata: {"role":"admin"})
--      - easytooth@demo.com / demo1234  (고객 계정)
--      - hardtooth@demo.com / demo1234  (고객 계정)
--   2. 생성된 auth.users의 UUID를 아래 auth_user_id에 입력
--   3. 이 SQL을 Supabase SQL Editor에서 실행
--
-- 계정 정보:
--   admin@knock.com      → 관리자     / admin@knock.com / admin
--   easytoothhospital    → Premium 플랜 / easytooth@demo.com / demo1234
--   hardtoothhospital    → Entry 플랜  / hardtooth@demo.com / demo1234
-- ============================================================


-- ============================================
-- 1) easytoothhospital (Premium 플랜)
-- ============================================
-- 기존 데이터가 있으면 삭제 (재실행 안전)
DELETE FROM activity_logs WHERE client_id = '00000000-0001-0001-0001-000000000001';
DELETE FROM sub_nodes    WHERE client_id = '00000000-0001-0001-0001-000000000001';
DELETE FROM nodes        WHERE client_id = '00000000-0001-0001-0001-000000000001';
DELETE FROM clients      WHERE id        = '00000000-0001-0001-0001-000000000001';

INSERT INTO clients (id, name, region, contact_name, contact_phone, contact_email, package_tier, contract_start, memo)
VALUES (
  '00000000-0001-0001-0001-000000000001',
  '이지투스치과',
  '서울시 강남구 역삼동',
  '김원장',
  '010-1234-5678',
  'easytooth@demo.com',
  'premium',
  '2026-02-01',
  '강남 역삼역 3번출구. 임플란트/교정 전문. 야간진료 운영.'
);
-- ※ auth_user_id는 Supabase Auth에서 사용자 생성 후 UPDATE로 연결:
-- UPDATE clients SET auth_user_id = '<UUID>' WHERE id = '00000000-0001-0001-0001-000000000001';

-- nodes (10개) — Premium이므로 대부분 진행 중이거나 완료
INSERT INTO nodes (client_id, node_key, status) VALUES
  ('00000000-0001-0001-0001-000000000001', 'awareness',      'active'),
  ('00000000-0001-0001-0001-000000000001', 'lead_capture',   'active'),
  ('00000000-0001-0001-0001-000000000001', 'lead_nurture',   'in_progress'),
  ('00000000-0001-0001-0001-000000000001', 'new_patient',    'in_progress'),
  ('00000000-0001-0001-0001-000000000001', 'cs_onboarding',  'active'),
  ('00000000-0001-0001-0001-000000000001', 'cs_upsell',      'in_progress'),
  ('00000000-0001-0001-0001-000000000001', 'cs_support',     'active'),
  ('00000000-0001-0001-0001-000000000001', 'cs_education',   'in_progress'),
  ('00000000-0001-0001-0001-000000000001', 'cs_community',   'in_progress'),
  ('00000000-0001-0001-0001-000000000001', 'cs_analytics',   'active');

-- sub_nodes — 다양한 완료/미완료 상태
INSERT INTO sub_nodes (client_id, node_key, label, is_done, sort_order) VALUES
  -- awareness (4/4 완료)
  ('00000000-0001-0001-0001-000000000001', 'awareness', '네이버 플레이스 대표 키워드 설정', true, 1),
  ('00000000-0001-0001-0001-000000000001', 'awareness', '블로그 포스팅 발행', true, 2),
  ('00000000-0001-0001-0001-000000000001', 'awareness', 'SNS 계정 연동', true, 3),
  ('00000000-0001-0001-0001-000000000001', 'awareness', '네이버 광고 세팅', true, 4),
  -- lead_capture (4/4 완료)
  ('00000000-0001-0001-0001-000000000001', 'lead_capture', '전화번호(스마트콜) 설정', true, 1),
  ('00000000-0001-0001-0001-000000000001', 'lead_capture', '카카오톡 채널 연동', true, 2),
  ('00000000-0001-0001-0001-000000000001', 'lead_capture', '네이버 예약 활성화', true, 3),
  ('00000000-0001-0001-0001-000000000001', 'lead_capture', '홈페이지 폼 연동', true, 4),
  -- lead_nurture (4/6 완료)
  ('00000000-0001-0001-0001-000000000001', 'lead_nurture', '팔로업 프로세스 수립', true, 1),
  ('00000000-0001-0001-0001-000000000001', 'lead_nurture', '부재중 콜백 ARS 설정', true, 2),
  ('00000000-0001-0001-0001-000000000001', 'lead_nurture', '카카오 자동응답 설정', true, 3),
  ('00000000-0001-0001-0001-000000000001', 'lead_nurture', '예약 확정 + 리마인드 알림 설정', true, 4),
  ('00000000-0001-0001-0001-000000000001', 'lead_nurture', '초진 이벤트 기획 (첫 방문 할인/무료 검진)', false, 5),
  ('00000000-0001-0001-0001-000000000001', 'lead_nurture', '오시는 길 + 주차 안내 자동 문자 발송', false, 6),
  -- new_patient (1/3)
  ('00000000-0001-0001-0001-000000000001', 'new_patient', '내원 동선 안내 설정', true, 1),
  ('00000000-0001-0001-0001-000000000001', 'new_patient', '상담 스크립트 제공', false, 2),
  ('00000000-0001-0001-0001-000000000001', 'new_patient', '치료 동의 프로세스 점검', false, 3),
  -- cs_onboarding (3/3 완료)
  ('00000000-0001-0001-0001-000000000001', 'cs_onboarding', '첫 방문 감사 문자', true, 1),
  ('00000000-0001-0001-0001-000000000001', 'cs_onboarding', '치료 후 주의사항 발송', true, 2),
  ('00000000-0001-0001-0001-000000000001', 'cs_onboarding', '다음 예약 안내', true, 3),
  -- cs_upsell (1/2)
  ('00000000-0001-0001-0001-000000000001', 'cs_upsell', '추가 진료 추천 시나리오', true, 1),
  ('00000000-0001-0001-0001-000000000001', 'cs_upsell', '패키지 상품 안내', false, 2),
  -- cs_support (2/2 완료)
  ('00000000-0001-0001-0001-000000000001', 'cs_support', '치료 후 케어 문자', true, 1),
  ('00000000-0001-0001-0001-000000000001', 'cs_support', '정기 검진 리마인더', true, 2),
  -- cs_education (1/2)
  ('00000000-0001-0001-0001-000000000001', 'cs_education', '블로그 건강정보 발행', true, 1),
  ('00000000-0001-0001-0001-000000000001', 'cs_education', '카카오 채널 콘텐츠', false, 2),
  -- cs_community (1/2)
  ('00000000-0001-0001-0001-000000000001', 'cs_community', '리뷰 요청 자동화', true, 1),
  ('00000000-0001-0001-0001-000000000001', 'cs_community', '소개 이벤트 운영', false, 2),
  -- cs_analytics (2/2 완료)
  ('00000000-0001-0001-0001-000000000001', 'cs_analytics', '월간 유입/전환 리포트', true, 1),
  ('00000000-0001-0001-0001-000000000001', 'cs_analytics', '키워드 순위 추적', true, 2);

-- activity_logs — 풍부한 활동 기록 (Premium답게 다양하게)
INSERT INTO activity_logs (client_id, node_key, action_type, content, visible_to_client, created_at) VALUES
  -- 3월 (최근)
  ('00000000-0001-0001-0001-000000000001', 'awareness', 'task_complete',
   '네이버 플레이스 키워드 최적화 완료 — "강남임플란트", "역삼교정치과", "강남야간치과" 등 15개 키워드 설정. 현재 "강남임플란트" 네이버 플레이스 3위 달성.',
   true, '2026-03-18 10:30:00+09'),

  ('00000000-0001-0001-0001-000000000001', 'awareness', 'note',
   '블로그 포스팅 3건 발행 완료: ① "임플란트 수명, 관리법에 따라 달라집니다" ② "투명교정 vs 메탈교정, 나에게 맞는 교정은?" ③ "강남 야간진료 치과, 퇴근 후에도 OK"',
   true, '2026-03-17 14:00:00+09'),

  ('00000000-0001-0001-0001-000000000001', 'lead_capture', 'task_complete',
   '카카오톡 채널 연동 완료. 자동 인사말 + 진료과목 안내 챗봇 설정. 첫 주 문의 12건 유입.',
   true, '2026-03-15 11:00:00+09'),

  ('00000000-0001-0001-0001-000000000001', 'lead_capture', 'note',
   '네이버 예약 시스템 연동 완료. 예약 → 자동 확인 문자 → 전일 리마인드 알림 설정.',
   true, '2026-03-14 09:30:00+09'),

  ('00000000-0001-0001-0001-000000000001', 'lead_nurture', 'status_change',
   '리드 육성 노드 상태: 대기 → 진행 중. 팔로업 프로세스 및 부재중 콜백 세팅 시작.',
   true, '2026-03-13 16:00:00+09'),

  ('00000000-0001-0001-0001-000000000001', 'lead_nurture', 'task_complete',
   '부재중 콜백 ARS 설정 완료. "지금 전화를 받지 못하고 있습니다. 잠시 후 다시 연락드리겠습니다" 멘트 녹음 및 자동 콜백 연동.',
   true, '2026-03-12 13:00:00+09'),

  ('00000000-0001-0001-0001-000000000001', 'cs_onboarding', 'task_complete',
   '온보딩 자동화 완료: ① 첫 방문 감사 문자 (방문 1시간 후) ② 치료 후 주의사항 (시술 당일 저녁) ③ 다음 예약 안내 (3일 후)',
   true, '2026-03-11 10:00:00+09'),

  ('00000000-0001-0001-0001-000000000001', 'cs_support', 'task_complete',
   '정기 검진 리마인더 설정 완료. 6개월 주기 자동 문자 발송. "정기검진 시기가 다가왔습니다. 건강한 치아를 위해 방문해 주세요!"',
   true, '2026-03-10 14:30:00+09'),

  ('00000000-0001-0001-0001-000000000001', 'new_patient', 'status_change',
   '신환 획득 노드 상태: 대기 → 진행 중. 내원 동선 안내 설정 착수.',
   true, '2026-03-09 11:00:00+09'),

  ('00000000-0001-0001-0001-000000000001', 'cs_analytics', 'note',
   '3월 1~2주차 리포트: 네이버 플레이스 노출 1,240회 (전월 대비 +32%), 전화문의 48건, 카카오톡 문의 23건, 네이버 예약 15건. 신환 전환율 18.6%.',
   true, '2026-03-08 09:00:00+09'),

  ('00000000-0001-0001-0001-000000000001', 'cs_community', 'task_complete',
   '리뷰 요청 자동화 완료. 치료 완료 3일 후 카카오 알림톡으로 리뷰 작성 요청. 현재까지 리뷰 작성률 34%.',
   true, '2026-03-07 15:00:00+09'),

  ('00000000-0001-0001-0001-000000000001', 'cs_education', 'note',
   '건강정보 블로그 발행: "임플란트 시술 후 꼭 지켜야 할 5가지 습관". 카카오 채널에도 동시 발송. 조회수 328회.',
   true, '2026-03-06 13:00:00+09'),

  ('00000000-0001-0001-0001-000000000001', 'cs_upsell', 'note',
   '교정 환자 대상 화이트닝 패키지 안내 시나리오 작성 완료. 교정 완료 시점에 맞춰 자동 안내 예정.',
   true, '2026-03-05 10:00:00+09'),

  -- 2월
  ('00000000-0001-0001-0001-000000000001', 'awareness', 'status_change',
   '인지 확대 노드 상태: 진행 중 → 완료. 네이버 플레이스 키워드 전체 세팅 + 블로그 + SNS 연동 완료.',
   true, '2026-02-28 17:00:00+09'),

  ('00000000-0001-0001-0001-000000000001', 'lead_capture', 'status_change',
   '리드 획득 노드 상태: 진행 중 → 완료. 전화/카카오/네이버예약/홈페이지 폼 전체 연동 완료.',
   true, '2026-02-25 16:00:00+09'),

  ('00000000-0001-0001-0001-000000000001', 'awareness', 'file_upload',
   '네이버 플레이스 최적화 보고서 제출. 키워드 순위 변화 추이 및 경쟁사 분석 포함.',
   true, '2026-02-20 11:00:00+09'),

  ('00000000-0001-0001-0001-000000000001', 'awareness', 'task_complete',
   'SNS 계정 연동 완료 — 인스타그램 + 유튜브 쇼츠 연동. 주 2회 콘텐츠 자동 게시 설정.',
   true, '2026-02-18 14:00:00+09'),

  ('00000000-0001-0001-0001-000000000001', 'awareness', 'status_change',
   '인지 확대 노드 상태: 대기 → 진행 중. 네이버 플레이스 키워드 분석 시작.',
   true, '2026-02-05 09:00:00+09'),

  ('00000000-0001-0001-0001-000000000001', 'cs_analytics', 'status_change',
   '분석 노드 상태: 대기 → 완료. 대시보드 세팅 및 키워드 추적 시스템 구축 완료.',
   true, '2026-02-03 10:00:00+09');


-- ============================================
-- 2) hardtoothhospital (Entry 플랜)
-- ============================================
DELETE FROM activity_logs WHERE client_id = '00000000-0002-0002-0002-000000000002';
DELETE FROM sub_nodes    WHERE client_id = '00000000-0002-0002-0002-000000000002';
DELETE FROM nodes        WHERE client_id = '00000000-0002-0002-0002-000000000002';
DELETE FROM clients      WHERE id        = '00000000-0002-0002-0002-000000000002';

INSERT INTO clients (id, name, region, contact_name, contact_phone, contact_email, package_tier, contract_start, memo)
VALUES (
  '00000000-0002-0002-0002-000000000002',
  '하드투스치과',
  '경기도 수원시 영통구',
  '박원장',
  '010-9876-5432',
  'hardtooth@demo.com',
  'entry',
  '2026-03-10',
  '수원 영통역 근처. 일반진료 중심. 마케팅 시작 단계.'
);
-- ※ auth_user_id는 Supabase Auth에서 사용자 생성 후 UPDATE로 연결:
-- UPDATE clients SET auth_user_id = '<UUID>' WHERE id = '00000000-0002-0002-0002-000000000002';

-- nodes (10개) — Entry이므로 awareness, cs_analytics만 접근 가능, 나머지는 잠금
INSERT INTO nodes (client_id, node_key, status) VALUES
  ('00000000-0002-0002-0002-000000000002', 'awareness',      'in_progress'),
  ('00000000-0002-0002-0002-000000000002', 'lead_capture',   'inactive'),
  ('00000000-0002-0002-0002-000000000002', 'lead_nurture',   'inactive'),
  ('00000000-0002-0002-0002-000000000002', 'new_patient',    'inactive'),
  ('00000000-0002-0002-0002-000000000002', 'cs_onboarding',  'inactive'),
  ('00000000-0002-0002-0002-000000000002', 'cs_upsell',      'inactive'),
  ('00000000-0002-0002-0002-000000000002', 'cs_support',     'inactive'),
  ('00000000-0002-0002-0002-000000000002', 'cs_education',   'inactive'),
  ('00000000-0002-0002-0002-000000000002', 'cs_community',   'inactive'),
  ('00000000-0002-0002-0002-000000000002', 'cs_analytics',   'in_progress');

-- sub_nodes — Entry 범위 (awareness + cs_analytics)만 데이터 있음
INSERT INTO sub_nodes (client_id, node_key, label, is_done, sort_order) VALUES
  -- awareness (2/4)
  ('00000000-0002-0002-0002-000000000002', 'awareness', '네이버 플레이스 대표 키워드 설정', true, 1),
  ('00000000-0002-0002-0002-000000000002', 'awareness', '블로그 포스팅 발행', true, 2),
  ('00000000-0002-0002-0002-000000000002', 'awareness', 'SNS 계정 연동', false, 3),
  ('00000000-0002-0002-0002-000000000002', 'awareness', '네이버 광고 세팅', false, 4),
  -- cs_analytics (0/2)
  ('00000000-0002-0002-0002-000000000002', 'cs_analytics', '월간 유입/전환 리포트', false, 1),
  ('00000000-0002-0002-0002-000000000002', 'cs_analytics', '키워드 순위 추적', false, 2);

-- activity_logs — Entry답게 소량
INSERT INTO activity_logs (client_id, node_key, action_type, content, visible_to_client, created_at) VALUES
  ('00000000-0002-0002-0002-000000000002', 'awareness', 'status_change',
   '인지 확대 노드 상태: 대기 → 진행 중. 네이버 플레이스 분석 시작.',
   true, '2026-03-15 10:00:00+09'),

  ('00000000-0002-0002-0002-000000000002', 'awareness', 'task_complete',
   '네이버 플레이스 키워드 5개 설정 완료 — "수원치과", "영통치과", "영통역치과", "수원충치치료", "영통스케일링".',
   true, '2026-03-17 14:00:00+09'),

  ('00000000-0002-0002-0002-000000000002', 'awareness', 'note',
   '블로그 포스팅 1건 발행: "충치 초기 증상, 이런 신호가 보이면 바로 치과에 오세요". 네이버 검색 노출 시작.',
   true, '2026-03-19 11:00:00+09'),

  ('00000000-0002-0002-0002-000000000002', 'cs_analytics', 'status_change',
   '분석 노드 상태: 대기 → 진행 중. 키워드 순위 추적 시스템 세팅 시작.',
   true, '2026-03-16 09:00:00+09'),

  ('00000000-0002-0002-0002-000000000002', 'cs_analytics', 'note',
   '초기 키워드 순위 측정: "수원치과" 42위, "영통치과" 28위. 목표: 3개월 내 5위 이내 진입.',
   true, '2026-03-18 16:00:00+09');


-- ============================================
-- 확인 쿼리
-- ============================================
-- SELECT * FROM clients WHERE id IN ('00000000-0001-0001-0001-000000000001', '00000000-0002-0002-0002-000000000002');
-- SELECT * FROM nodes WHERE client_id IN ('00000000-0001-0001-0001-000000000001', '00000000-0002-0002-0002-000000000002') ORDER BY client_id, node_key;
-- SELECT * FROM sub_nodes WHERE client_id IN ('00000000-0001-0001-0001-000000000001', '00000000-0002-0002-0002-000000000002') ORDER BY client_id, node_key, sort_order;
-- SELECT * FROM activity_logs WHERE client_id IN ('00000000-0001-0001-0001-000000000001', '00000000-0002-0002-0002-000000000002') ORDER BY created_at DESC;
